<?xml version="1.0" encoding="euc-kr"?>
<project default="CopyLibraryFiles" basedir=".">
 <target name="CopyLibraryFiles">
  <scp todir="${user}:${password}@ ${ip}:/webroot" trust="true" verbose="true" keyfile="D:/PGMS/JBD/resources/id_rsa.pv.ppk" passphrase="" >
    <fileset dir="D:\BUILDFORGE_PROJECT\WORKSPACE_NEW\Dongbu\nexacro_build">
      <include name="dinle/nxui/lti/abc/test.xfdl.js">
      <include name="dinle/nxui/frame/US.xfdl.js">
      <include name="dinle/nxui/tcm/UM.xfdl.js">
      <include name="dinle/nxui/images/UI2.gif">
      <include name="dinle/nxui/font/font.ttf">
      <include name="dinle/nxui/home.html">
      <include name="dinle/nxui/ltl/bde/etf/ab9010.xfdl.js">
      <include name="dinle/nxui/css/stylesheet.css.js">
      <include name="dinle/nxui/_theme_/theme.css">
      <include name="dinle/nxui/web/hello.html">
      <include name="dinle/nxui/web/helloJs.js">
      <include name="dinle/nxui/nexacro14lib/component/CompBase/baseframe.js">
    </fileset>
    <fileset dir="D:\BUILDFORGE_PROJECT\WORKSPACE_NEW\DSRV">
      <include name="install_nexacro/file.dll">
      <include name="install_nexacro/install.exe">
    </fileset>
  </scp>
 </target>
</project>
