<?xml version="1.0" encoding="euc-kr"?>
<DeployList>
  <File CompileSuccess="Y">
    <RequestId> </RequestId>
    <Project> WEB</Project>
    <Name> UM.xml</Name>
    <Path> WS/SHL/</Path>
    <CHNG_SETT_SEQ> 1</CHNG_SETT_SEQ>
  </File>
  <File CompileSuccess="Y">
    <RequestId> </RequestId>
    <Project> WEB</Project>
    <Name> US.xml</Name>
    <Path> BM/SHL/</Path>
    <CHNG_SETT_SEQ> 1</CHNG_SETT_SEQ>
  </File>
  <File CompileSuccess="Y">
    <RequestId> </RequestId>
    <Project> WEB</Project>
    <Name> US.xml</Name>
    <Path> BM/SHL/</Path>
    <CHNG_SETT_SEQ> 1</CHNG_SETT_SEQ>
  </File>
  <File CompileSuccess="N">
    <CHNG_SETT_SEQ> 1</CHNG_SETT_SEQ>
 강�???</File>
  </File>
</DeployList>
