<?xml version="1.0" encoding="euc-kr"?>
<DeployList>
	<File CompileSuccess="Y">
		<RequestId>1</RequestId>
		<Project>WEB</Project>
		<Name>UM.xml</Name>
		<Path>WS/SHL/</Path>
		<CHNG_SETT_SEQ>1</CHNG_SETT_SEQ>
	</File>
	<File CompileSuccess="Y">
		<RequestId>2</RequestId>
		<Project>WEB</Project>
		<Name>US.xml</Name>
		<Path>BM/SHL/</Path>
		<CHNG_SETT_SEQ>1</CHNG_SETT_SEQ>
	</File>
	<File CompileSuccess="N">
		<RequestId>3</RequestId>
		<Project>WEB</Project>
		<Name>del /F BM/SHL/UM.java</Name>
		<Path>del /F BM/SHL/UM.java</Path>
		<CHNG_SETT_SEQ>1</CHNG_SETT_SEQ>
	</File>
	<File CompileSuccess="Y">
		<RequestId>4</RequestId>
		<Project>WEB</Project>
		<Name>US.xml</Name>
		<Path>BM/SHL/</Path>
		<CHNG_SETT_SEQ>1</CHNG_SETT_SEQ>
	</File>
</DeployList>
